lead_time_days,total_safety_stock,delta_from_actual
1,8725.845821638699,-3442.5469201136984
2,12340.209504138053,171.81676238565524
3,15113.60830209082,2945.2155603384235
4,17451.691643277398,5283.2989015250005
5,19511.584418366638,7343.19167661424
6,21373.869837211445,9205.477095459048
7,23086.41802274807,10918.025280995671
