group,sku_count,quantity,quantity_share,order_frequency,frequency_share,top_skus
Fast Moving Class AA: ABC quantity A and ABC frequency A,19,163013.66666666666,0.5786685405225602,5381,0.25877657016447053,"4200009163, 4200009000, 4200008102, 4200000163, 4200008999, 4200007858, 4200008101, 4200008229, 4200009001, 4200009382"
