abc_quantity,xyz,sku_count,quantity,order_frequency,cbm_total
A,X,1,3952.0,1078,214.132128
A,Y,19,89651.66666666667,11531,5655.340740622501
A,Z,58,203117.01666666666,7972,10737.698355466668
B,Y,19,8801.716666666667,3610,343.6442601666667
B,Z,98,47993.6875,9473,2748.7890093003334
C,Y,9,1102.5833333333333,752,46.23585216666667
C,Z,371,17715.128720238095,7195,819.2208265746989
