geography_source,shipment_rows,orders,quantity,row_share,quantity_share
unresolved,27885,6353,199467.09538690475,0.63528044835285,0.5613023451886234
transaction_text_parse,9980,2546,113958.04166666667,0.22736592700596892,0.32067903689343163
distributor_match,6029,1194,41939.6625,0.13735362464118103,0.11801861791794482
