geography_source,shipment_rows,orders,quantity,row_share,quantity_share
unresolved,38692,8640,282301.0662202381,0.8814872192099148,0.7943979442389343
transaction_text_parse,3267,830,58428.21666666667,0.07442930696678361,0.1644175696075339
distributor_match,1935,579,14635.516666666666,0.04408347382330159,0.0411844861535318
