geography_source,shipment_rows,orders,quantity,row_share,quantity_share
unresolved,38991,8714,295321.98288690473,0.8870663178250483,0.7931645830730277
transaction_text_parse,3703,951,60581.51666666667,0.08424525082470709,0.16270754022144637
distributor_match,1261,390,16430.3,0.02868843135024457,0.04412787670552592
