geography_source,shipment_rows,orders,quantity,row_share,quantity_share
unresolved,27790,6331,195729.09538690475,0.6331161434364606,0.5507835768562059
transaction_text_parse,11252,2725,116076.50833333333,0.2563448307285734,0.32664042268439347
distributor_match,4852,1016,43559.19583333333,0.11053902583496605,0.12257600045940048
