lead_time_days,total_safety_stock,delta_from_lt2
2,12340.209504138053,0.0
3,15113.60830209082,2773.3987979527683
4,17451.691643277398,5111.482139139345
5,19511.584418366638,7171.374914228585
6,21373.869837211445,9033.660333073392
7,23086.41802274807,10746.208518610016
