customer_segment,orders,provinces,avg_order_quantity,median_order_quantity,avg_order_cbm,median_order_cbm,avg_sku_breadth,avg_lines_per_order,avg_distance_km,segment_sku_breadth,pallet_qty_share,carton_qty_share,loose_qty_share,avg_orders_per_customer_month
Modern Trade,1315,27,65.01639416983524,12.25,4.1238035820118375,0.7739523333333332,3.0889733840304183,3.2539923954372623,347.67565242095907,195,0.6917471434278982,0.2757303973347075,0.032522459237394254,1.9538461538461538
Traditional Trade / Distributor,3258,33,37.72818434719908,11.0,1.9072555652438448,0.5302555,4.429097605893186,4.535297728667895,313.01157127257994,460,0.40441455510418367,0.5149106019242404,0.0806748429715759,2.1927480916030535
