customer_segment,orders,provinces,avg_order_quantity,median_order_quantity,avg_order_cbm,median_order_cbm,avg_sku_breadth,avg_lines_per_order,segment_sku_breadth
Modern Trade,1315,31,65.01639416983524,12.25,4.1238035820118375,0.7739523333333332,3.0889733840304183,3.2539923954372623,195
Traditional Trade / Distributor,3258,38,37.72818434719908,11.0,1.9072555652438448,0.5302555,4.429097605893186,4.535297728667895,460
