customer_segment,orders,provinces,avg_order_quantity,median_order_quantity,avg_order_cbm,median_order_cbm,avg_sku_breadth,avg_lines_per_order,segment_sku_breadth
Modern Trade,505,6,17.8680198019802,4.166666666666667,1.2099810672354454,0.26435833333333336,3.108910891089109,3.273267326732673,168
Traditional Trade / Distributor,4059,15,49.12333898411134,13.0,2.7163340485233096,0.6326485,4.168021680216802,4.287262872628726,460
