customer_segment,orders,provinces,avg_order_quantity,median_order_quantity,avg_order_cbm,median_order_cbm,avg_sku_breadth,avg_lines_per_order,segment_sku_breadth
Modern Trade,505,9,17.8680198019802,4.166666666666667,1.2099810672354454,0.26435833333333336,3.108910891089109,3.273267326732673,168
Traditional Trade / Distributor,4063,19,50.072762229019915,13.0,2.7750074720541753,0.635527,4.173270982032981,4.293133152842727,463
