abc_quantity,abc_frequency,sku_count,quantity,order_frequency,cbm_total
A,A,59,231211.91666666666,20615,13345.3737064225
A,B,14,27731.016666666666,774,1260.6735756666667
A,C,6,24375.0,28,1377.09748
B,A,68,32250.4875,10619,1576.020720528
B,B,40,17776.666666666668,1713,1093.988564939
B,C,10,4212.5,117,165.087066775
C,A,20,2323.516666666667,1980,111.21024051946667
C,B,95,8190.875,3763,377.95550669600004
C,C,260,7292.820386904762,1944,346.37265475089885
