abc_quantity,abc_frequency,sku_count,quantity,order_frequency,cbm_total
A,A,19,163013.66666666666,5381,10001.2333039
A,B,6,20859.0,366,888.59094225
A,C,3,12832.0,20,757.613376
B,A,20,27864.25,6817,1375.2838627
B,B,18,27678.7,1127,1497.6818050000002
B,C,1,921.0,1,43.05675000000001
C,A,14,6346.916666666667,2290,380.16421284858336
C,B,60,12745.316666666668,2714,764.1988164283
C,C,329,9443.882936507936,2078,420.23722459577976
