abc_quantity,xyz_volatility,sku_count,quantity,order_frequency,cbm_total
A,X,1,5608.0,825,232.19923999999997
A,Y,15,124748.66666666667,3703,7803.194229500001
A,Z,9,53315.0,1206,2844.3375271500004
B,X,1,1420.0,437,9.95515625
B,Y,26,40028.45,6491,1965.7165527833336
B,Z,10,13206.0,806,880.7796581666668
C,X,3,1032.25,392,30.8934405
C,Y,13,5384.833333333333,1391,225.00865016666668
C,Z,326,20469.532936507938,4965,1206.7692635318597
