group,sku_count,quantity,quantity_share,order_frequency,frequency_share,top_skus
Fast Moving: ABC quantity A and XYZ frequency X,18,159874.66666666666,0.6028167082948493,5277,0.2610308666402849,"4200009163, 4200009000, 4200008102, 4200000163, 4200008999, 4200007858, 4200008101, 4200008229, 4200009001, 4200009382"
