geography_source,shipment_rows,orders,quantity,row_share,quantity_share
distributor_match,20733,4890,263854.73293650796,0.9713736881559221,0.9515317155227851
transaction_text_parse,590,277,1883.0,0.027642428785607197,0.006790608606443129
unresolved,21,17,11557.0,0.0009838830584707645,0.04167767587077177
