region,my_phuoc_orders,vinh_loc_orders,my_phuoc_quantity,vinh_loc_quantity,region_orders,region_quantity,my_phuoc_order_share,vinh_loc_order_share,my_phuoc_quantity_share,vinh_loc_quantity_share,quantity_share_gap,dominant_warehouse,dominant_warehouse_flag
Đông Nam Bộ,1688,470,82615.0,5860.441666666667,2158,88475.44166666667,0.7822057460611678,0.21779425393883226,0.9337619394006981,0.0662380605993019,0.8675238788013961,My Phuoc,1
Bắc Trung Bộ và Duyên hải miền Trung,714,196,62887.0,2333.4791666666665,910,65220.479166666664,0.7846153846153846,0.2153846153846154,0.9642216801151735,0.03577831988482656,0.9284433602303469,My Phuoc,1
Đồng bằng sông Cửu Long,466,136,30724.0,1611.8333333333333,602,32335.833333333332,0.7740863787375415,0.22591362126245848,0.950153338659382,0.04984666134061799,0.900306677318764,My Phuoc,1
Đồng bằng sông Hồng,210,135,17716.0,957.0083333333333,345,18673.008333333335,0.6086956521739131,0.391304347826087,0.9487491080039325,0.0512508919960674,0.8974982160078652,My Phuoc,1
Trung du và miền núi phía Bắc,213,108,7618.0,993.625,321,8611.625,0.6635514018691588,0.3364485981308411,0.8846181760120767,0.11538182398792331,0.7692363520241534,My Phuoc,1
Tây Nguyên,131,66,4155.0,617.3166666666667,197,4772.316666666667,0.6649746192893401,0.3350253807106599,0.8706463317955291,0.12935366820447095,0.7412926635910582,My Phuoc,1
