geography_tier,source_warehouse,shipment_lines,orders,customers,quantity,cbm_total
provincial,My Phuoc,8625,2316,184,128789.0,7331.022259688088
provincial,Vinh Loc,2610,732,133,10468.977380952381,586.4804790262262
urban,My Phuoc,7491,1569,82,118657.0,6864.10095070774
urban,Vinh Loc,2648,718,86,9182.755555555555,507.29732530061113
