geography_tier,source_warehouse,shipment_lines,orders,customers,quantity,cbm_total
provincial,My Phuoc,6260,1760,137,101358.0,5931.8088043358875
provincial,Vinh Loc,1706,521,115,6814.625,418.63278473558336
urban,My Phuoc,8374,1662,91,104357.0,6065.938720124689
urban,Vinh Loc,1813,537,76,5559.079166666666,311.6919419124
