region,my_phuoc_orders,vinh_loc_orders,my_phuoc_quantity,vinh_loc_quantity,region_orders,region_quantity,my_phuoc_order_share,vinh_loc_order_share,my_phuoc_quantity_share,vinh_loc_quantity_share,quantity_share_gap,dominant_warehouse,dominant_warehouse_flag
Đông Nam Bộ,1518,819,114741.0,10569.899603174603,2337,125310.8996031746,0.6495507060333762,0.3504492939666239,0.9156505967426091,0.08434940325739092,0.8313011934852181,My Phuoc,1
Bắc Trung Bộ và Duyên hải miền Trung,885,140,65027.0,1613.2291666666667,1025,66640.22916666667,0.8634146341463415,0.13658536585365855,0.9757919625001289,0.024208037499871042,0.9515839250002579,My Phuoc,1
Đồng bằng sông Cửu Long,670,130,38490.0,1647.7916666666667,800,40137.791666666664,0.8375,0.1625,0.9589466286448661,0.041053371355133934,0.9178932572897321,My Phuoc,1
Đồng bằng sông Hồng,242,261,16909.0,5123.1875,503,22032.1875,0.48111332007952284,0.5188866799204771,0.7674680510049218,0.23253194899507823,0.5349361020098435,My Phuoc,1
Tây Nguyên,196,50,5936.0,597.3333333333334,246,6533.333333333333,0.7967479674796748,0.2032520325203252,0.9085714285714286,0.09142857142857144,0.8171428571428572,My Phuoc,1
Trung du và miền núi phía Bắc,94,49,3100.0,100.29166666666667,143,3200.2916666666665,0.6573426573426573,0.34265734265734266,0.9686617105211766,0.03133828947882355,0.937323421042353,My Phuoc,1
