geography_tier,source_warehouse,shipment_lines,orders,customers,quantity,cbm_total
provincial,My Phuoc,6277,1765,138,101579.0,5944.817391835887
provincial,Vinh Loc,1706,521,115,6814.625,418.63278473558336
urban,My Phuoc,8424,1672,93,105605.0,6118.854975124689
urban,Vinh Loc,1815,539,76,5566.079166666666,312.12080991240003
