region,my_phuoc_orders,vinh_loc_orders,my_phuoc_quantity,vinh_loc_quantity,region_orders,region_quantity,my_phuoc_order_share,vinh_loc_order_share,my_phuoc_quantity_share,vinh_loc_quantity_share,quantity_share_gap,dominant_warehouse,dominant_warehouse_flag
Đông Nam Bộ,1390,471,62428.0,5861.441666666667,1861,68289.44166666667,0.7469102632993014,0.25308973670069856,0.9141676733091854,0.0858323266908147,0.8283353466183707,My Phuoc,1
Bắc Trung Bộ và Duyên hải miền Trung,538,196,42711.0,2333.4791666666665,734,45044.479166666664,0.7329700272479565,0.2670299727520436,0.9481961117136535,0.0518038882863466,0.8963922234273068,My Phuoc,1
Đồng bằng sông Cửu Long,362,137,20515.0,1617.8333333333333,499,22132.833333333332,0.7254509018036072,0.2745490981963928,0.9269034692048767,0.07309653079512339,0.8538069384097533,My Phuoc,1
Đồng bằng sông Hồng,174,135,13198.0,957.0083333333333,309,14155.008333333333,0.5631067961165048,0.4368932038834951,0.9323908322201624,0.06760916777983764,0.8647816644403248,My Phuoc,1
Trung du và miền núi phía Bắc,173,108,5828.0,993.625,281,6821.625,0.6156583629893239,0.38434163701067614,0.8543418906785407,0.14565810932145934,0.7086837813570814,My Phuoc,1
Tây Nguyên,92,66,2575.0,617.3166666666667,158,3192.3166666666666,0.5822784810126582,0.4177215189873418,0.8066242384057555,0.19337576159424452,0.613248476811511,My Phuoc,1
