geography_source,shipment_rows,orders,quantity,row_share,quantity_share
unresolved,31055,7234,215570.49459325397,0.6302128782190475,0.49541038097492957
transaction_text_parse,12646,3249,163920.50833333333,0.25663088256184424,0.3767116721434757
distributor_match,5576,1200,55644.19583333333,0.1131562392191083,0.12787794688159482
