geography_source,shipment_rows,orders,quantity,row_share,quantity_share
distributor_match,20783,4893,265212.73293650796,0.9711682242990655,0.9414564326694611
unresolved,617,297,16492.0,0.028831775700934578,0.05854356733053915
