region,shipment_lines,orders,customers,quantity,cbm_total
Đông Nam Bộ,11010,2614,178,127193.8996031746,7147.67335380598
Bắc Trung Bộ và Duyên hải miền Trung,4173,1025,77,66640.22916666667,3738.1701992837334
Đồng bằng sông Cửu Long,3199,800,68,40137.791666666664,2354.785486660867
Đồng bằng sông Hồng,1555,503,39,22032.1875,1359.9195339344167
Tây Nguyên,1052,246,16,6533.333333333333,331.894139621
Trung du và miền núi phía Bắc,334,143,21,3200.2916666666665,217.02924541666667
