geography_source,shipment_rows,orders,quantity,row_share,quantity_share
distributor_match,20783,4893,265212.73293650796,0.9711682242990655,0.9414564326694611
transaction_text_parse,591,277,1885.0,0.027616822429906544,0.006691403372427013
unresolved,26,20,14607.0,0.0012149532710280374,0.05185216395811214
