region,shipment_lines,orders,customers,quantity,cbm_total
Đông Nam Bộ,9461,2159,140,88476.44166666667,5040.5620076448095
Bắc Trung Bộ và Duyên hải miền Trung,3568,915,69,65441.479166666664,3813.0968504976504
Đồng bằng sông Cửu Long,2272,603,58,32341.833333333332,1967.6763186305168
Đồng bằng sông Hồng,971,355,33,19921.008333333335,1235.0833197511001
Trung du và miền núi phía Bắc,1270,321,36,8611.625,480.63637976695003
Tây Nguyên,680,197,16,4772.316666666667,257.37108531753336
