geography_tier,source_warehouse,shipment_lines,orders,customers,quantity,cbm_total
provincial,My Phuoc,5303,1412,129,70785.0,4070.698232024954
provincial,Vinh Loc,1706,521,115,6814.625,418.63278473558336
urban,My Phuoc,7280,1317,92,76470.0,4301.614018924889
urban,Vinh Loc,1815,539,76,5566.079166666666,312.12080991240003
