region,my_phuoc_orders,vinh_loc_orders,my_phuoc_quantity,vinh_loc_quantity,region_orders,region_quantity,my_phuoc_order_share,vinh_loc_order_share,my_phuoc_quantity_share,vinh_loc_quantity_share,quantity_share_gap,dominant_warehouse,dominant_warehouse_flag
Đông Nam Bộ,1688,471,82615.0,5861.441666666667,2159,88476.44166666667,0.7818434460398332,0.21815655396016675,0.9337513856089563,0.06624861439104364,0.8675027712179126,My Phuoc,1
Bắc Trung Bộ và Duyên hải miền Trung,719,196,63108.0,2333.4791666666665,915,65441.479166666664,0.7857923497267759,0.21420765027322405,0.9643425057565745,0.0356574942434255,0.9286850115131491,My Phuoc,1
Đồng bằng sông Cửu Long,466,137,30724.0,1617.8333333333333,603,32341.833333333332,0.7728026533996684,0.22719734660033167,0.949977067884216,0.05002293211578399,0.899954135768432,My Phuoc,1
Đồng bằng sông Hồng,220,135,18964.0,957.0083333333333,355,19921.008333333335,0.6197183098591549,0.38028169014084506,0.9519598447367749,0.04804015526322504,0.9039196894735498,My Phuoc,1
Trung du và miền núi phía Bắc,213,108,7618.0,993.625,321,8611.625,0.6635514018691588,0.3364485981308411,0.8846181760120767,0.11538182398792331,0.7692363520241534,My Phuoc,1
Tây Nguyên,131,66,4155.0,617.3166666666667,197,4772.316666666667,0.6649746192893401,0.3350253807106599,0.8706463317955291,0.12935366820447095,0.7412926635910582,My Phuoc,1
