customer_segment,packaging_unit,quantity,quantity_share
Modern Trade,carton,28244.0,0.22521050192941414
Modern Trade,loose,2791.5583333333334,0.022259179061579055
Modern Trade,pallet,94376.0,0.7525303190090068
Traditional Trade / Distributor,carton,75857.0,0.4994430765500635
Traditional Trade / Distributor,loose,10858.174603174602,0.07149030583238579
Traditional Trade / Distributor,pallet,65168.0,0.4290666176175506
