customer_segment,orders,customers,avg_order_quantity,median_order_quantity,avg_order_cbm,median_order_cbm,avg_sku_breadth,avg_lines_per_order,avg_distance_km,avg_orders_per_customer_month,province_count,region_count,top_province_quantity_share,segment_sku_breadth,carton_qty_share,loose_qty_share,pallet_qty_share,provinces
Modern Trade,1564,119,80.1864183716965,18.5,5.160962801243969,1.084429025625,2.8395140664961636,2.9789002557544757,354.2596033628675,2.1904761904761907,41,6,0.2216136122001248,196,0.22521050192941414,0.022259179061579055,0.7525303190090068,41
Traditional Trade / Distributor,3776,265,40.22329835889158,11.0,2.057874315830799,0.53296596725,4.326800847457627,4.418697033898305,291.1550920313115,2.374842767295598,57,6,0.2843175276636296,459,0.4994430765500635,0.07149030583238579,0.4290666176175506,57
