customer_segment,packaging_unit,quantity,quantity_share
Modern Trade,carton,23574.0,0.2757303973347075
Modern Trade,loose,2780.5583333333334,0.032522459237394254
Modern Trade,pallet,59142.0,0.6917471434278982
Traditional Trade / Distributor,carton,63292.0,0.5149106019242404
Traditional Trade / Distributor,loose,9916.424603174602,0.0806748429715759
Traditional Trade / Distributor,pallet,49710.0,0.40441455510418367
