customer_segment,orders,customers,avg_order_quantity,median_order_quantity,avg_order_cbm,median_order_cbm,avg_sku_breadth,avg_lines_per_order,avg_distance_km,avg_orders_per_customer_month,province_count,region_count,top_province_quantity_share,segment_sku_breadth,carton_qty_share,loose_qty_share,pallet_qty_share,provinces
Modern Trade,1564,119,80.1864183716965,18.5,5.160962801243969,1.084429025625,2.8395140664961636,2.9789002557544757,277.6970748125938,2.1904761904761907,34,6,0.23495548356886564,196,0.22521050192941414,0.022259179061579055,0.7525303190090068,34
Traditional Trade / Distributor,3482,260,39.75967105203177,12.0,2.006828574641861,0.60773875,4.527570361861,4.6163124641010915,287.6355981695187,2.232051282051282,60,6,0.2748836709692361,380,0.4915157442398004,0.07449391877017904,0.4339903369900205,60
