customer_segment,orders,customers,avg_order_quantity,median_order_quantity,avg_order_cbm,median_order_cbm,avg_sku_breadth,avg_lines_per_order,avg_distance_km,avg_orders_per_customer_month,province_count,region_count,top_province_quantity_share,segment_sku_breadth,carton_qty_share,loose_qty_share,pallet_qty_share,provinces
Modern Trade,1566,119,80.0884791400596,18.45,5.154645395367539,1.081632,2.8371647509578546,2.976372924648787,353.864641058507,2.19327731092437,41,6,0.22160098486914798,196,0.22524577204051474,0.022265910009197868,0.7524883179502874,41
Traditional Trade / Distributor,3777,265,40.215892137456876,11.0,2.0575935253198563,0.533229,4.32777336510458,4.419645221074927,293.62176407366246,2.3754716981132074,57,6,0.27999892981789715,461,0.4994357150532267,0.07153227051809113,0.42903201442868205,57
