customer_segment,orders,customers,avg_order_quantity,median_order_quantity,avg_order_cbm,median_order_cbm,avg_sku_breadth,avg_lines_per_order,avg_distance_km,avg_orders_per_customer_month,province_count,region_count,top_province_quantity_share
Modern Trade,1564,119,80.1864183716965,18.5,5.160962801243969,1.084429025625,2.8395140664961636,2.9789002557544757,277.6970748125938,2.1904761904761907,34,6,0.23495548356886564
Traditional Trade / Distributor,3776,264,40.22329835889158,11.0,2.057874315830799,0.53296596725,4.326800847457627,4.418697033898305,270.28043478573085,2.383838383838384,60,6,0.2711950793440543
