customer_segment,packaging_unit,quantity,quantity_share
Modern Trade,carton,28244.0,0.22521050192941414
Modern Trade,loose,2791.5583333333334,0.022259179061579055
Modern Trade,pallet,94376.0,0.7525303190090068
Traditional Trade / Distributor,carton,68747.0,0.48520612679777764
Traditional Trade / Distributor,loose,12218.174603174602,0.08623406367907432
Traditional Trade / Distributor,pallet,60721.0,0.428559809523148
