customer_segment,packaging_unit,quantity,quantity_share
Modern Trade,carton,28250.0,0.22524577204051474
Modern Trade,loose,2792.5583333333334,0.022265910009197868
Modern Trade,pallet,94376.0,0.7524883179502874
Traditional Trade / Distributor,carton,75862.0,0.4994357150532267
Traditional Trade / Distributor,loose,10865.424603174602,0.07153227051809113
Traditional Trade / Distributor,pallet,65168.0,0.42903201442868205
